start,end,128,140,76,169,190,24,295,41,291,105,1,193,254,289,171,211,4,37,23,17,116,133,271,296,8,36,61,161,69,110,147,179,299,43,203,206,208,279,294,39,79,298,81,124,225,101,120,146,155,156,199,60,183,219,250,269,285,13,29,117,188,88,93,233,242,19,31,78,83,102,114,132,278,26,27,44,52,58,98,158,191,213,265,276,15,42,65,201,221,222,273,53,72,99,112,118,126,139,157,178,198,217,300,5,22,57,84,104,111,130,165,172,181,209,241,266,282,286,25,113,144,187,18,38,73,163,170,262,48,153,166,202,74,192,55,131,141,177,197,260,152,216,220,232,284,97,108,275,135,160,82,224,253,47,89
35,45,1,1,0,0,1,1,0,1,1,0,0,1,1,1,1,1,1,0,0,1,0,0,0,0,1,0,0,1,0,0,0,1,0,1,1,0,0,0,1,0,0,1,0,0,0,0,1,0,1,0,1,0,0,0,1,1,0,0,1,0,1,0,0,0,0,1,0,0,1,0,1,0,0,0,0,1,0,1,0,1,0,1,1,0,1,1,1,1,1,0,0,0,0,0,1,1,0,1,1,0,0,0,0,0,0,1,0,0,0,1,1,0,0,1,0,0,1,1,0,0,0,1,0,0,0,0,1,0,0,0,1,1,1,1,1,1,0,1,1,0,0,0,1,0,1,0,1,0,0,1,1,0,0,0,0
68,83,0,0,1,1,1,0,1,1,0,0,1,1,1,1,0,0,1,0,1,0,1,1,0,0,0,0,1,0,0,1,0,1,0,1,1,1,1,0,0,0,1,0,1,1,0,0,0,0,1,0,0,0,1,0,1,0,1,0,1,0,0,1,0,1,0,1,0,0,1,1,1,0,0,0,0,1,1,0,1,1,1,1,0,0,1,0,1,1,0,0,0,0,0,1,1,1,0,1,0,1,0,0,0,0,0,0,0,1,1,0,0,0,0,1,1,1,1,0,0,0,0,0,1,1,0,0,0,0,1,0,0,0,0,0,1,0,0,1,0,0,0,0,1,1,0,0,0,1,0,1,1,0,1,0,1
92,94,1,0,0,1,1,0,1,1,1,0,1,0,1,0,1,0,1,0,1,1,1,1,0,0,1,1,1,1,0,1,0,1,0,0,1,0,0,0,0,0,1,1,0,1,1,0,1,0,0,0,0,0,1,0,0,0,0,1,0,1,1,0,0,0,1,0,0,1,1,1,1,0,0,1,0,1,0,1,1,1,0,0,0,0,1,1,1,1,0,1,1,0,1,1,1,0,0,0,0,0,1,0,0,1,0,1,0,0,0,0,1,0,0,1,1,0,0,1,1,0,1,0,1,1,1,0,1,0,0,0,1,1,1,1,1,0,0,1,1,1,0,1,0,0,1,1,0,0,0,1,1,0,0,1,0
100,145,1,1,0,1,1,1,0,1,0,1,1,0,1,1,0,1,0,1,0,1,1,1,0,0,1,0,1,1,0,1,0,1,0,1,0,1,1,1,1,0,1,0,1,0,0,1,1,1,1,1,0,0,0,0,1,1,0,0,1,0,1,0,1,0,0,0,1,1,0,0,1,1,0,1,1,1,0,0,0,1,1,1,1,1,1,0,0,1,1,1,0,1,1,1,1,0,0,0,0,1,0,1,0,1,1,1,0,0,0,0,1,0,0,0,1,1,0,1,1,0,0,1,0,0,1,0,1,1,0,0,1,0,0,0,0,1,1,0,0,0,0,0,0,0,1,0,0,0,1,0,0,1,0,1,0
150,151,1,0,0,1,1,1,1,0,0,1,0,1,1,0,0,1,1,0,0,0,1,1,0,1,1,1,0,1,0,1,0,1,1,1,1,1,0,1,1,1,1,1,0,0,0,0,0,1,1,1,1,0,1,0,1,1,0,1,0,1,0,0,1,1,0,1,1,1,0,1,0,1,0,1,0,0,0,1,0,1,1,1,1,1,1,0,0,1,1,1,0,0,0,1,0,0,0,1,0,0,1,0,1,1,1,1,1,1,1,0,1,1,0,0,0,1,1,0,0,0,1,0,1,0,1,1,0,1,0,0,0,0,1,0,0,0,1,1,1,0,1,1,0,0,1,0,1,1,1,1,0,1,0,0,0
234,259,1,1,0,0,1,0,0,0,1,1,0,1,1,0,1,0,1,1,0,0,0,1,0,1,1,0,1,1,0,0,1,1,0,1,0,0,1,0,1,1,0,1,1,0,1,1,0,0,0,0,1,1,1,0,0,0,0,0,1,0,0,1,1,0,0,1,0,1,0,0,1,1,1,0,0,0,0,1,0,0,1,1,0,1,1,0,1,0,1,0,1,1,0,1,1,0,1,1,1,1,0,0,0,0,0,0,1,1,0,1,0,1,1,1,1,0,1,1,1,1,1,1,0,1,0,0,1,0,1,0,1,0,1,1,0,0,0,0,1,1,1,1,0,0,0,1,1,0,1,0,0,1,0,0,1
270,334,0,0,0,1,0,0,1,1,1,1,0,1,1,1,0,0,1,1,1,1,0,1,1,1,0,0,1,1,0,1,1,0,0,1,0,1,1,1,0,0,1,0,0,0,1,0,1,0,1,1,1,1,1,0,1,1,0,0,1,1,0,1,1,1,1,0,0,0,0,0,1,1,0,1,1,0,1,0,0,0,0,1,1,0,1,0,1,0,0,1,0,1,0,0,0,0,1,1,0,0,1,1,1,1,0,1,1,1,1,0,1,1,0,0,0,1,0,0,0,1,1,1,0,0,0,1,0,1,0,1,1,0,0,1,1,1,1,1,0,1,1,0,0,0,0,0,0,0,0,1,0,0,0,1,0
343,355,0,0,0,1,0,1,1,0,0,1,0,1,1,0,1,1,0,1,1,1,1,1,1,1,1,1,1,1,1,0,0,0,1,1,1,1,1,1,0,1,1,0,1,1,1,1,1,0,1,0,1,0,1,1,0,0,1,0,0,0,1,0,1,0,1,0,1,0,0,1,1,0,0,1,0,1,0,1,1,1,1,1,1,0,1,0,1,1,0,0,1,1,1,1,1,1,1,1,1,0,1,1,1,0,0,1,1,1,1,1,0,1,0,0,1,0,0,0,1,1,0,1,0,1,1,1,1,0,1,1,0,0,0,0,1,1,0,1,0,0,1,1,0,0,1,1,1,1,0,1,0,1,1,0,1
399,400,0,1,0,0,1,0,1,1,0,1,0,1,1,1,1,1,1,1,0,0,1,0,1,1,0,0,1,0,0,1,0,0,0,1,0,1,0,0,0,1,0,0,0,1,1,1,1,1,0,1,1,0,0,0,0,0,1,1,1,0,0,0,0,1,1,0,1,0,0,1,1,0,0,0,0,0,0,1,1,1,0,0,0,0,1,0,0,1,0,1,0,1,0,0,1,0,0,1,0,1,1,1,1,1,1,1,0,0,1,1,0,0,0,1,1,1,1,0,1,1,1,1,1,1,0,1,0,1,0,0,0,0,1,1,1,0,0,1,0,1,1,1,1,1,1,0,0,0,0,0,1,0,0,1,0
468,968,0,0,0,1,0,0,0,1,0,0,0,1,1,0,1,1,1,0,0,0,0,1,0,0,0,1,0,1,1,0,0,1,1,0,1,0,1,0,0,1,0,1,0,0,1,0,1,1,1,0,1,0,1,0,1,0,0,0,0,1,1,0,0,0,0,1,1,1,0,1,1,0,0,0,1,1,1,1,1,1,1,0,0,0,0,0,1,0,0,0,0,0,1,1,1,1,1,0,1,1,0,1,1,0,1,0,0,1,0,1,1,1,0,0,0,1,1,0,1,1,0,1,0,1,1,0,1,0,0,0,1,0,1,0,0,0,0,1,0,1,1,0,0,0,1,0,0,0,0,1,1,1,0,1,0
